virus	non_virus
0.00494590820744634	0.995054006576538
0.00284893019124866	0.997151076793671
